{
  "best_model_name": "BiLSTM",
  "vocab_size": 10000,
  "embed_dim": 64,
  "max_len": 33,
  "oov_token": "<OOV>",
  "spam_class": 1,
  "label_classes": [
    "ham",
    "spam"
  ],
  "results": {
    "BiRNN": {
      "accuracy": 0.979372197309417,
      "precision": 0.9436619718309859,
      "recall": 0.8993288590604027,
      "weighted_f1": 0.9791613308906565,
      "spam_f1": 0.9209621993127147
    },
    "BiLSTM": {
      "accuracy": 0.9874439461883409,
      "precision": 0.972027972027972,
      "recall": 0.9328859060402684,
      "weighted_f1": 0.9873343822512889,
      "spam_f1": 0.952054794520548
    },
    "BiGRU": {
      "accuracy": 0.9874439461883409,
      "precision": 0.9856115107913669,
      "recall": 0.9194630872483222,
      "weighted_f1": 0.9872582867789719,
      "spam_f1": 0.9513888888888888
    }
  }
}