{
  "BiRNN": {
    "loss": [
      0.5873891115188599,
      0.3691360056400299,
      0.151105135679245,
      0.08245239406824112,
      0.05925758555531502,
      0.03864210098981857,
      0.026507504284381866,
      0.014727533794939518
    ],
    "accuracy": [
      0.6679380536079407,
      0.8247700333595276,
      0.9634283185005188,
      0.9791339635848999,
      0.9816019535064697,
      0.9908009767532349,
      0.9948395490646362,
      0.9957370162010193
    ],
    "precision": [
      0.260326087474823,
      0.425306111574173,
      0.8193832635879517,
      0.8819969892501831,
      0.89449542760849,
      0.9499192237854004,
      0.9720853567123413,
      0.9738134145736694
    ],
    "recall": [
      0.8010033369064331,
      0.8712374567985535,
      0.9331103563308716,
      0.974916398525238,
      0.97826087474823,
      0.9832776188850403,
      0.9899665713310242,
      0.9949832558631897
    ],
    "val_loss": [
      0.4923592209815979,
      0.1418316811323166,
      0.07127832621335983,
      0.10749761015176773,
      0.07779210060834885,
      0.08195149898529053,
      0.07850144803524017,
      0.0821804404258728
    ],
    "val_accuracy": [
      0.8905829787254333,
      0.9721972942352295,
      0.9793722033500671,
      0.9811659455299377,
      0.9838564991950989,
      0.9865471124649048,
      0.9874439239501953,
      0.9874439239501953
    ],
    "val_precision": [
      0.7872340679168701,
      0.975806474685669,
      0.9436619877815247,
      0.9848484992980957,
      0.9851852059364319,
      0.9855072498321533,
      0.9720279574394226,
      0.9720279574394226
    ],
    "val_recall": [
      0.24832214415073395,
      0.8120805621147156,
      0.899328887462616,
      0.8724831938743591,
      0.8926174640655518,
      0.9127516746520996,
      0.9328858852386475,
      0.9328858852386475
    ],
    "val_f1_macro": [
      0.6587853430457729,
      0.9353031570711693,
      0.9545502074438768,
      0.9572460738146582,
      0.9636849876235832,
      0.9700075855254545,
      0.9724154261560428,
      0.9724154261560428
    ],
    "lr": [
      0.0010000000474974513,
      0.0010000000474974513,
      0.0010000000474974513,
      0.0010000000474974513,
      0.0010000000474974513,
      0.0010000000474974513,
      0.0005000000237487257,
      0.0005000000237487257
    ]
  },
  "BiLSTM": {
    "loss": [
      0.3145528733730316,
      0.06875161081552505,
      0.0319480374455452,
      0.016848497092723846,
      0.013605166226625443,
      0.007806846871972084,
      0.0038240007124841213,
      0.003981793764978647,
      0.020670922473073006,
      0.0042536258697509766,
      0.002677739365026355,
      0.0021943373139947653
    ],
    "accuracy": [
      0.8680726885795593,
      0.9833968877792358,
      0.9948395490646362,
      0.9966344833374023,
      0.9982050657272339,
      0.9979807138442993,
      0.9993268847465515,
      0.9982050657272339,
      0.9964101314544678,
      0.9979807138442993,
      0.9995512962341309,
      0.9995512962341309
    ],
    "precision": [
      0.5048923492431641,
      0.909375011920929,
      0.9736408591270447,
      0.9802306294441223,
      0.9916666746139526,
      0.9883913993835449,
      0.9966611266136169,
      0.9884105920791626,
      0.9786184430122375,
      0.9851729869842529,
      0.9983277320861816,
      0.9983277320861816
    ],
    "recall": [
      0.8628762364387512,
      0.9732441306114197,
      0.9882943034172058,
      0.9949832558631897,
      0.9949832558631897,
      0.9966555237770081,
      0.9983277320861816,
      0.9983277320861816,
      0.9949832558631897,
      1.0,
      0.9983277320861816,
      0.9983277320861816
    ],
    "val_loss": [
      0.45398369431495667,
      0.2736935317516327,
      0.17342223227024078,
      0.0955401286482811,
      0.061432186514139175,
      0.05933033302426338,
      0.058253053575754166,
      0.09096801280975342,
      0.07594169676303864,
      0.08715363591909409,
      0.08136296272277832,
      0.11874540150165558
    ],
    "val_accuracy": [
      0.9730941653251648,
      0.9811659455299377,
      0.9865471124649048,
      0.9856502413749695,
      0.9856502413749695,
      0.9865471124649048,
      0.9874439239501953,
      0.9784753322601318,
      0.9838564991950989,
      0.9820627570152283,
      0.9838564991950989,
      0.9766815900802612
    ],
    "val_precision": [
      0.8789808750152588,
      0.970588207244873,
      0.9652777910232544,
      0.9784172773361206,
      0.9650349617004395,
      0.9785714149475098,
      0.9720279574394226,
      0.893081784248352,
      0.951724112033844,
      0.9271523356437683,
      0.9580419659614563,
      0.8867924809455872
    ],
    "val_recall": [
      0.926174521446228,
      0.8859060406684875,
      0.9328858852386475,
      0.9127516746520996,
      0.926174521446228,
      0.9194630980491638,
      0.9328858852386475,
      0.9530201554298401,
      0.926174521446228,
      0.9395973086357117,
      0.9194630980491638,
      0.9463087320327759
    ],
    "val_f1_macro": [
      0.9431841343606049,
      0.9577594371532945,
      0.9705307634162114,
      0.9681027577526032,
      0.9684747727497632,
      0.9701844552713348,
      0.9724154261560428,
      0.9547954646810006,
      0.9647389947714623,
      0.9614853195164076,
      0.9645341193434835,
      0.9510284200710839
    ],
    "lr": [
      0.0010000000474974513,
      0.0010000000474974513,
      0.0010000000474974513,
      0.0010000000474974513,
      0.0010000000474974513,
      0.0010000000474974513,
      0.0010000000474974513,
      0.0010000000474974513,
      0.0010000000474974513,
      0.0010000000474974513,
      0.0005000000237487257,
      0.0005000000237487257
    ]
  },
  "BiGRU": {
    "loss": [
      0.3673307001590729,
      0.07260176539421082,
      0.02742677927017212,
      0.01088226679712534,
      0.01935705542564392,
      0.011992102488875389,
      0.013618473894894123,
      0.004655234515666962,
      0.002352534094825387,
      0.0005329347914084792,
      0.0010147730354219675,
      0.0005607444327324629
    ],
    "accuracy": [
      0.7249270677566528,
      0.9824994206428528,
      0.9946151971817017,
      0.9979807138442993,
      0.9932690262794495,
      0.9959614276885986,
      0.9937177300453186,
      0.9986538290977478,
      0.9995512962341309,
      1.0,
      0.9995512962341309,
      1.0
    ],
    "precision": [
      0.3239910304546356,
      0.9024767875671387,
      0.9704918265342712,
      0.9883913993835449,
      0.9565916657447815,
      0.9754098653793335,
      0.9567307829856873,
      0.9916943311691284,
      0.996666669845581,
      1.0,
      0.996666669845581,
      1.0
    ],
    "recall": [
      0.9665551781654358,
      0.974916398525238,
      0.9899665713310242,
      0.9966555237770081,
      0.9949832558631897,
      0.9949832558631897,
      0.9983277320861816,
      0.9983277320861816,
      1.0,
      1.0,
      1.0,
      1.0
    ],
    "val_loss": [
      0.4329874813556671,
      0.2301815301179886,
      0.12508292496204376,
      0.0764390304684639,
      0.14206191897392273,
      0.09465555101633072,
      0.05017445608973503,
      0.06350325047969818,
      0.0647687315940857,
      0.06661279499530792,
      0.06892145425081253,
      0.0694311112165451
    ],
    "val_accuracy": [
      0.9443946480751038,
      0.9847533702850342,
      0.9802690744400024,
      0.9802690744400024,
      0.9426009058952332,
      0.9605380892753601,
      0.9874439239501953,
      0.9883407950401306,
      0.9874439239501953,
      0.9874439239501953,
      0.9874439239501953,
      0.9883407950401306
    ],